<powerbireport uniquename="nki_b196c1741c6442cd925204e7efcc0391">
  <datasetid>
    <uniquename>new_dataset_ee5feabb-404c-4781-a93e-d2f6063d4fb4</uniquename>
  </datasetid>
  <etag>638313408501200000</etag>
  <importpowerbicomponentsequencenumber>638259789103713609</importpowerbicomponentsequencenumber>
  <iscustomizable>1</iscustomizable>
  <name>RequestAnalyzer</name>
  <package mimetype="application/zip">package.pbipkg</package>
  <reportobjectid>16d84028-ac2a-49c0-b133-e0723574a144</reportobjectid>
  <reportoriginalobjectid>021cbb2b-37c0-4625-9721-4c01e82a1839</reportoriginalobjectid>
  <statecode>0</statecode>
  <statuscode>1</statuscode>
  <workspaceobjectid>60c722f4-35e7-459b-80c1-e2e8d009667b</workspaceobjectid>
</powerbireport>