{
  "properties": {
    "connectionReferences": {
      "shared_webcontents_1": {
        "runtimeSource": "embedded",
        "connection": {
          "connectionReferenceLogicalName": "nki_sharedwebcontents_792c1"
        },
        "api": {
          "name": "shared_webcontents"
        }
      },
      "shared_webcontents": {
        "runtimeSource": "embedded",
        "connection": {
          "connectionReferenceLogicalName": "nki_sharedwebcontents_6c70b"
        },
        "api": {
          "name": "shared_webcontents"
        }
      },
      "shared_sharepointonline": {
        "runtimeSource": "embedded",
        "connection": {
          "connectionReferenceLogicalName": "nki_sharedsharepointonline_107c7"
        },
        "api": {
          "name": "shared_sharepointonline"
        }
      }
    },
    "definition": {
      "$schema": "https://schema.management.azure.com/providers/Microsoft.Logic/schemas/2016-06-01/workflowdefinition.json#",
      "contentVersion": "1.0.0.0",
      "parameters": {
        "$connections": {
          "defaultValue": {},
          "type": "Object"
        },
        "$authentication": {
          "defaultValue": {},
          "type": "SecureObject"
        },
        "Sharepoint site URL (nki_SharepointsiteURL)": {
          "defaultValue": "https://demopp002.sharepoint.com/sites/RequestAnalyzer",
          "type": "String",
          "metadata": {
            "schemaName": "nki_SharepointsiteURL",
            "description": "The URL of the SharePoint site hosting the files. Typically, if the full URL is https://contosotenant.sharepoint.com/sites/Contoso/Shared%20Documents/,  this variable should be https://contosotenant.sharepoint.com/sites/Contoso"
          }
        },
        "SharePoint Folder Path (nki_SharePointFolderPath)": {
          "defaultValue": "/Shared Documents/PowerPlatformRequestReports/",
          "type": "String",
          "metadata": {
            "schemaName": "nki_SharePointFolderPath",
            "description": "The path to the folder hosting the file, without the root part of the URL. Typically this, if the URL is https://contosotenant.sharepoint.com/sites/Contoso/Shared%20Documents/, then the patch to define here is /Shared Documents/"
          }
        }
      },
      "triggers": {
        "manual": {
          "metadata": {
            "operationMetadataId": "10b909b5-6c64-497b-bea3-cf7dc1508924"
          },
          "type": "Request",
          "kind": "Button",
          "inputs": {
            "schema": {
              "type": "object",
              "properties": {
                "text": {
                  "title": "StartDate",
                  "type": "string",
                  "x-ms-dynamically-added": true,
                  "description": "Please enter your input",
                  "x-ms-content-hint": "TEXT"
                },
                "text_1": {
                  "title": "EndDate",
                  "type": "string",
                  "x-ms-dynamically-added": true,
                  "description": "Please enter your input",
                  "x-ms-content-hint": "TEXT"
                },
                "text_2": {
                  "title": "FileName",
                  "type": "string",
                  "x-ms-dynamically-added": true,
                  "description": "Please enter your input",
                  "x-ms-content-hint": "TEXT"
                }
              },
              "required": [
                "text",
                "text_1",
                "text_2"
              ]
            }
          }
        }
      },
      "actions": {
        "Failure": {
          "actions": {
            "Filter_array": {
              "runAfter": {},
              "metadata": {
                "operationMetadataId": "3ab4c74f-09b8-4566-826d-0fca91fff263"
              },
              "type": "Query",
              "inputs": {
                "from": "@result('Main')",
                "where": "@equals(item()?['Status'], 'Failed')"
              }
            },
            "Failure_Response": {
              "runAfter": {
                "Filter_array": [
                  "Succeeded"
                ]
              },
              "metadata": {
                "operationMetadataId": "0e489400-2397-42a8-8c41-23cd344aae10"
              },
              "type": "Response",
              "kind": "Http",
              "inputs": {
                "statusCode": 400,
                "body": "@first(body('Filter_array'))['outputs']['body']"
              }
            }
          },
          "runAfter": {
            "Main": [
              "Failed"
            ]
          },
          "metadata": {
            "operationMetadataId": "a756fc7a-53ba-4dca-a64c-103ea5a447b6"
          },
          "type": "Scope"
        },
        "Success": {
          "actions": {
            "Response": {
              "runAfter": {},
              "metadata": {
                "operationMetadataId": "17c9af31-0d73-4a5f-8c6a-5485bacee08e"
              },
              "type": "Response",
              "kind": "Http",
              "inputs": {
                "statusCode": 200
              }
            }
          },
          "runAfter": {
            "Main": [
              "Succeeded"
            ]
          },
          "metadata": {
            "operationMetadataId": "1d855f60-d624-42c0-bda4-b759330ca3d7"
          },
          "type": "Scope"
        },
        "TimeOut": {
          "actions": {
            "TimeOut_Response": {
              "runAfter": {},
              "metadata": {
                "operationMetadataId": "06cbb5a4-a24c-470e-82e3-b37a6654f4af"
              },
              "type": "Response",
              "kind": "Http",
              "inputs": {
                "statusCode": 408
              }
            }
          },
          "runAfter": {
            "Main": [
              "TimedOut"
            ]
          },
          "metadata": {
            "operationMetadataId": "02f113ce-8e62-4422-b90f-696c67ac2a67"
          },
          "type": "Scope"
        },
        "Main": {
          "actions": {
            "Get_Tenant_ID": {
              "runAfter": {},
              "metadata": {
                "operationMetadataId": "6c3bb3ab-7d2f-4b0a-a412-990b520d9d0d"
              },
              "type": "OpenApiConnection",
              "inputs": {
                "host": {
                  "apiId": "/providers/Microsoft.PowerApps/apis/shared_webcontents",
                  "connectionName": "shared_webcontents_1",
                  "operationId": "InvokeHttp"
                },
                "parameters": {
                  "request/method": "GET",
                  "request/url": "https://graph.microsoft.com/v1.0/organization?$select=id"
                },
                "authentication": "@parameters('$authentication')"
              }
            },
            "Parse_Tenant_ID_JSON": {
              "runAfter": {
                "Get_Tenant_ID": [
                  "Succeeded"
                ]
              },
              "metadata": {
                "operationMetadataId": "37135736-34d1-4673-a5fc-96cb170ca119"
              },
              "type": "ParseJson",
              "inputs": {
                "content": "@first(body('Get_Tenant_ID')['value'])",
                "schema": {
                  "type": "object",
                  "properties": {
                    "id": {
                      "type": "string"
                    }
                  },
                  "required": [
                    "id"
                  ]
                }
              }
            },
            "Start_API_report_generation": {
              "runAfter": {
                "Parse_Tenant_ID_JSON": [
                  "Succeeded"
                ]
              },
              "metadata": {
                "operationMetadataId": "2cfc6670-4223-4151-b54d-12a230207ca0"
              },
              "type": "OpenApiConnection",
              "inputs": {
                "host": {
                  "apiId": "/providers/Microsoft.PowerApps/apis/shared_webcontents",
                  "connectionName": "shared_webcontents",
                  "operationId": "InvokeHttp"
                },
                "parameters": {
                  "request/method": "POST",
                  "request/url": "https://licensing.powerplatform.microsoft.com/v0.1-alpha/tenants/@{body('Parse_Tenant_ID_JSON')['id']}/TenantConsumptionReport/GenerateReportURL",
                  "request/body": "{\n  \"consumptionReportDownload\": \"\",\n  \"endDate\": \"@{triggerBody()['text_1']}\",\n  \"forceRegenerate\": true,\n  \"reportType\": \"ApiByLicensedUser\",\n  \"startDate\": \"@{triggerBody()['text']}\",\n  \"status\": \"None\",\n  \"tenantId\": \"@{body('Parse_Tenant_ID_JSON')['id']}\"\n}"
                },
                "authentication": "@parameters('$authentication')"
              },
              "description": "Call the API to ask to generate yesterday's report.  (API is not supported, may  break at any time)"
            },
            "Wait_enough_to_allow_report_generation": {
              "runAfter": {
                "Start_API_report_generation": [
                  "Succeeded"
                ]
              },
              "metadata": {
                "operationMetadataId": "1a5373b8-fe32-4e27-9b7d-df6838a482bf"
              },
              "type": "Wait",
              "inputs": {
                "interval": {
                  "count": 1,
                  "unit": "Minute"
                }
              },
              "description": "This parameter must be adjusted based on your tenant size. Some large tenants may require 15 minutes or more to generate the report."
            },
            "Download_API_calls_report": {
              "runAfter": {
                "Wait_enough_to_allow_report_generation": [
                  "Succeeded"
                ]
              },
              "metadata": {
                "operationMetadataId": "b6f550cd-54cd-4e79-a103-fcb0965aa707"
              },
              "type": "OpenApiConnection",
              "inputs": {
                "host": {
                  "apiId": "/providers/Microsoft.PowerApps/apis/shared_webcontents",
                  "connectionName": "shared_webcontents",
                  "operationId": "InvokeHttp"
                },
                "parameters": {
                  "request/method": "POST",
                  "request/url": "https://licensing.powerplatform.microsoft.com/v0.1-alpha/tenants/@{body('Parse_Tenant_ID_JSON')['id']}/TenantConsumptionReport/DownloadReport",
                  "request/body": "{\n  \"startDate\": \"@{triggerBody()['text']}\",\n  \"endDate\": \"@{triggerBody()['text_1']}\",\n  \"reportType\": \"ApiByLicensedUser\",\n  \"status\": \"None\",\n  \"tenantId\": \"@{body('Parse_Tenant_ID_JSON')['id']}\"\n}"
                },
                "authentication": "@parameters('$authentication')"
              }
            },
            "Create_file": {
              "runAfter": {
                "Download_API_calls_report": [
                  "Succeeded"
                ]
              },
              "metadata": {
                "operationMetadataId": "ff7c5b75-161d-4563-a557-75b0d395b688"
              },
              "type": "OpenApiConnection",
              "inputs": {
                "host": {
                  "apiId": "/providers/Microsoft.PowerApps/apis/shared_sharepointonline",
                  "connectionName": "shared_sharepointonline",
                  "operationId": "CreateFile"
                },
                "parameters": {
                  "dataset": "@parameters('Sharepoint site URL (nki_SharepointsiteURL)')",
                  "folderPath": "@parameters('SharePoint Folder Path (nki_SharePointFolderPath)')",
                  "name": "@triggerBody()['text_2']",
                  "body": "@body('Download_API_calls_report')"
                },
                "authentication": "@parameters('$authentication')"
              },
              "runtimeConfiguration": {
                "contentTransfer": {
                  "transferMode": "Chunked"
                }
              }
            }
          },
          "runAfter": {},
          "metadata": {
            "operationMetadataId": "1a42b10a-4294-4499-968d-676817dcccf9"
          },
          "type": "Scope"
        }
      },
      "outputs": {}
    },
    "templateName": null
  },
  "schemaVersion": "1.0.0.0"
}