{
  "properties": {
    "connectionReferences": {},
    "definition": {
      "$schema": "https://schema.management.azure.com/providers/Microsoft.Logic/schemas/2016-06-01/workflowdefinition.json#",
      "contentVersion": "1.0.0.0",
      "parameters": {
        "$authentication": {
          "defaultValue": {},
          "type": "SecureObject"
        }
      },
      "triggers": {
        "Recurrence": {
          "recurrence": {
            "frequency": "Day",
            "interval": 1,
            "timeZone": "UTC",
            "schedule": {
              "hours": [
                "1"
              ]
            }
          },
          "metadata": {
            "operationMetadataId": "dc772e0b-2c9a-4897-aea1-b880d4b03b6b"
          },
          "type": "Recurrence"
        }
      },
      "actions": {
        "Initialize_StartDate": {
          "runAfter": {},
          "metadata": {
            "operationMetadataId": "fdd5035a-5a79-4342-87cb-751212621dc2"
          },
          "type": "InitializeVariable",
          "inputs": {
            "variables": [
              {
                "name": "StartDate",
                "type": "string",
                "value": "@{startOfDay(getPastTime(1,'Day'))}"
              }
            ]
          }
        },
        "Initialize_EndDate": {
          "runAfter": {
            "Initialize_StartDate": [
              "Succeeded"
            ]
          },
          "metadata": {
            "operationMetadataId": "e20be825-c4b9-4484-bf3a-c651e48aa954"
          },
          "type": "InitializeVariable",
          "inputs": {
            "variables": [
              {
                "name": "EndDate",
                "type": "string",
                "value": "@{startOfDay(utcNow())}"
              }
            ]
          }
        },
        "Initialize_FileName": {
          "runAfter": {
            "Initialize_EndDate": [
              "Succeeded"
            ]
          },
          "metadata": {
            "operationMetadataId": "9c41088f-2ccf-4bd7-8973-ec0062ae2dab"
          },
          "type": "InitializeVariable",
          "inputs": {
            "variables": [
              {
                "name": "FileName",
                "type": "string",
                "value": "@{formatDateTime(getPastTime(1,'Day'),'yyyy-MM-dd')}-PowerPlatformRequests-LicensedUsers.csv"
              }
            ]
          }
        },
        "Run_a_Child_Flow": {
          "runAfter": {
            "Initialize_FileName": [
              "Succeeded"
            ]
          },
          "metadata": {
            "operationMetadataId": "e5933653-af31-41d8-944b-41174b99f3e4"
          },
          "type": "Workflow",
          "inputs": {
            "host": {
              "workflowReferenceName": "b86f8048-745b-ee11-be6f-000d3a5c68b4"
            },
            "body": {
              "text": "@variables('StartDate')",
              "text_1": "@variables('EndDate')",
              "text_2": "@variables('FileName')"
            }
          }
        }
      },
      "outputs": {}
    },
    "templateName": ""
  },
  "schemaVersion": "1.0.0.0"
}