<environmentvariabledefinition schemaname="nki_SharePointFolderPF">
  <description default="The path to the folder hosting the Per Flow files, without the root part of the URL. Typically this, if the URL is https://contosotenant.sharepoint.com/sites/Contoso/Shared%20Documents/PerFlow, then the patch to define here is /Shared Documents/PerFlow/">
    <label description="The path to the folder hosting the Per Flow files, without the root part of the URL. Typically this, if the URL is https://contosotenant.sharepoint.com/sites/Contoso/Shared%20Documents/PerFlow, then the patch to define here is /Shared Documents/PerFlow/" languagecode="1033" />
  </description>
  <displayname default="RA-SP_Folder-PerFlow">
    <label description="RA-SP_Folder-PerFlow" languagecode="1033" />
  </displayname>
  <introducedversion>1.0.0.10</introducedversion>
  <iscustomizable>1</iscustomizable>
  <isrequired>0</isrequired>
  <secretstore>0</secretstore>
  <type>100000000</type>
</environmentvariabledefinition>