<powerbidataset uniquename="new_dataset_ee5feabb-404c-4781-a93e-d2f6063d4fb4">
  <datasetobjectid>f6de16a4-52e9-42dc-b75c-1d6d6d7c9473</datasetobjectid>
  <datasetoriginalobjectid>c8d78570-0413-41f6-aef8-6729db1886c2</datasetoriginalobjectid>
  <dataverseconnectionupdateenabled>0</dataverseconnectionupdateenabled>
  <importpowerbicomponentsequencenumber>638259789100432157</importpowerbicomponentsequencenumber>
  <iscustomizable>1</iscustomizable>
  <name>RequestAnalyzer</name>
  <package mimetype="application/zip">package.pbipkg</package>
  <statecode>0</statecode>
  <statuscode>1</statuscode>
  <workspaceobjectid>60c722f4-35e7-459b-80c1-e2e8d009667b</workspaceobjectid>
</powerbidataset>