<ImportExportXml xmlns:xsi="http://www.w3.org/2001/XMLSchema-instance">
  <Entities></Entities>
  <Roles></Roles>
  <Workflows>
    <Workflow WorkflowId="{b86f8048-745b-ee11-be6f-000d3a5c68b4}" Name="Data Load - Create and download a report" Description="Calls an unsupported API to create a report and then download its content for a given period of time. &#xA;(max 45 days duration)">
      <JsonFileName>/Workflows/DataLoad-Createanddownloadareport-B86F8048-745B-EE11-BE6F-000D3A5C68B4.json</JsonFileName>
      <Type>1</Type>
      <Subprocess>0</Subprocess>
      <Category>5</Category>
      <Mode>0</Mode>
      <Scope>4</Scope>
      <OnDemand>0</OnDemand>
      <TriggerOnCreate>0</TriggerOnCreate>
      <TriggerOnDelete>0</TriggerOnDelete>
      <AsyncAutodelete>0</AsyncAutodelete>
      <SyncWorkflowLogOnFailure>0</SyncWorkflowLogOnFailure>
      <StateCode>1</StateCode>
      <StatusCode>2</StatusCode>
      <RunAs>1</RunAs>
      <IsTransacted>1</IsTransacted>
      <IntroducedVersion>1.0.0.9</IntroducedVersion>
      <IsCustomizable>1</IsCustomizable>
      <BusinessProcessType>0</BusinessProcessType>
      <IsCustomProcessingStepAllowedForOtherPublishers>1</IsCustomProcessingStepAllowedForOtherPublishers>
      <PrimaryEntity>none</PrimaryEntity>
      <LocalizedNames>
        <LocalizedName languagecode="1033" description="Data Load - Create and download a report" />
      </LocalizedNames>
      <Descriptions>
        <Description languagecode="1033" description="Calls an unsupported API to create a report and then download its content for a given period of time. &#xA;(max 45 days duration)" />
      </Descriptions>
    </Workflow>
    <Workflow WorkflowId="{f7c2bce7-945b-ee11-be6f-000d3a5c68b4}" Name="Data Load - Every Day ask for yesterday's data" Description="This flow runs everyday and calls the child flow to collect all API calls data from yesterday.">
      <JsonFileName>/Workflows/DataLoad-EveryDayaskforyesterdaysdata-F7C2BCE7-945B-EE11-BE6F-000D3A5C68B4.json</JsonFileName>
      <Type>1</Type>
      <Subprocess>0</Subprocess>
      <Category>5</Category>
      <Mode>0</Mode>
      <Scope>4</Scope>
      <OnDemand>0</OnDemand>
      <TriggerOnCreate>0</TriggerOnCreate>
      <TriggerOnDelete>0</TriggerOnDelete>
      <AsyncAutodelete>0</AsyncAutodelete>
      <SyncWorkflowLogOnFailure>0</SyncWorkflowLogOnFailure>
      <StateCode>1</StateCode>
      <StatusCode>2</StatusCode>
      <RunAs>1</RunAs>
      <IsTransacted>1</IsTransacted>
      <IntroducedVersion>1.0.0.9</IntroducedVersion>
      <IsCustomizable>1</IsCustomizable>
      <BusinessProcessType>0</BusinessProcessType>
      <IsCustomProcessingStepAllowedForOtherPublishers>1</IsCustomProcessingStepAllowedForOtherPublishers>
      <PrimaryEntity>none</PrimaryEntity>
      <LocalizedNames>
        <LocalizedName languagecode="1033" description="Data Load - Every Day ask for yesterday's data" />
      </LocalizedNames>
      <Descriptions>
        <Description languagecode="1033" description="This flow runs everyday and calls the child flow to collect all API calls data from yesterday." />
      </Descriptions>
    </Workflow>
    <Workflow WorkflowId="{7109b8f5-a25b-ee11-be6f-000d3a5c68b4}" Name="Data Load - GetDataForCustomPeriod" Description="You might want to get data at once for a larger period (initial load, or reload data in case of failure). &#xA;This flows allows to generate and download a report for a custom period.&#xA;45 days spread max&#xA;Too old period will provide an empty report">
      <JsonFileName>/Workflows/DataLoad-GetDataForCustomPeriod-7109B8F5-A25B-EE11-BE6F-000D3A5C68B4.json</JsonFileName>
      <Type>1</Type>
      <Subprocess>0</Subprocess>
      <Category>5</Category>
      <Mode>0</Mode>
      <Scope>4</Scope>
      <OnDemand>0</OnDemand>
      <TriggerOnCreate>0</TriggerOnCreate>
      <TriggerOnDelete>0</TriggerOnDelete>
      <AsyncAutodelete>0</AsyncAutodelete>
      <SyncWorkflowLogOnFailure>0</SyncWorkflowLogOnFailure>
      <StateCode>1</StateCode>
      <StatusCode>2</StatusCode>
      <RunAs>1</RunAs>
      <IsTransacted>1</IsTransacted>
      <IntroducedVersion>1.0.0.9</IntroducedVersion>
      <IsCustomizable>1</IsCustomizable>
      <BusinessProcessType>0</BusinessProcessType>
      <IsCustomProcessingStepAllowedForOtherPublishers>1</IsCustomProcessingStepAllowedForOtherPublishers>
      <BillingContext>[{"id":"nki_requestanalyzerstatic_9be6b","type":"UnifiedApp","metadata":{"displayName":"Request Analyzer App"}}]</BillingContext>
      <PrimaryEntity>none</PrimaryEntity>
      <LocalizedNames>
        <LocalizedName languagecode="1033" description="Data Load - GetDataForCustomPeriod" />
      </LocalizedNames>
      <Descriptions>
        <Description languagecode="1033" description="You might want to get data at once for a larger period (initial load, or reload data in case of failure). &#xA;This flows allows to generate and download a report for a custom period.&#xA;45 days spread max&#xA;Too old period will provide an empty report" />
      </Descriptions>
    </Workflow>
    <Workflow WorkflowId="{16a52a6b-7692-ed11-aad1-000d3adf7a52}" Name="GetUserProfile">
      <JsonFileName>/Workflows/GetUserProfile-16A52A6B-7692-ED11-AAD1-000D3ADF7A52.json</JsonFileName>
      <Type>1</Type>
      <Subprocess>0</Subprocess>
      <Category>5</Category>
      <Mode>0</Mode>
      <Scope>4</Scope>
      <OnDemand>0</OnDemand>
      <TriggerOnCreate>0</TriggerOnCreate>
      <TriggerOnDelete>0</TriggerOnDelete>
      <AsyncAutodelete>0</AsyncAutodelete>
      <SyncWorkflowLogOnFailure>0</SyncWorkflowLogOnFailure>
      <StateCode>1</StateCode>
      <StatusCode>2</StatusCode>
      <RunAs>1</RunAs>
      <IsTransacted>1</IsTransacted>
      <IntroducedVersion>1.0.0.0</IntroducedVersion>
      <IsCustomizable>1</IsCustomizable>
      <IsCustomProcessingStepAllowedForOtherPublishers>1</IsCustomProcessingStepAllowedForOtherPublishers>
      <PrimaryEntity>none</PrimaryEntity>
      <LocalizedNames>
        <LocalizedName languagecode="1033" description="GetUserProfile" />
      </LocalizedNames>
    </Workflow>
  </Workflows>
  <FieldSecurityProfiles></FieldSecurityProfiles>
  <Templates />
  <EntityMaps />
  <EntityRelationships />
  <OrganizationSettings />
  <optionsets />
  <CustomControls />
  <EntityDataProviders />
  <CanvasApps>
    <CanvasApp>
      <Name>nki_requestanalyzerstatic_9be6b</Name>
      <AppVersion>2023-10-24T21:33:37Z</AppVersion>
      <Status>Ready</Status>
      <CreatedByClientVersion>3.23102.16.0</CreatedByClientVersion>
      <MinClientVersion>3.23102.16.0</MinClientVersion>
      <Tags>{"primaryDeviceWidth":"640","primaryDeviceHeight":"1136","supportsPortrait":"true","supportsLandscape":"true","primaryFormFactor":"Phone","publisherVersion":"3.23102.16","minimumRequiredApiVersion":"2.2.0","hasComponent":"false","hasUnlockedComponent":"false","isUnifiedRootApp":"false","sienaVersion":"20230927T165657Z-3.23092.13.0","showStatusBar":"false"}</Tags>
      <IsCdsUpgraded>0</IsCdsUpgraded>
      <GalleryItemId xsi:nil="true"></GalleryItemId>
      <BackgroundColor>RGBA(0,176,240,1)</BackgroundColor>
      <DisplayName>Request Analyzer App</DisplayName>
      <Description>An app embedded into the Power BI report to provide detailed information about a specific user</Description>
      <CommitMessage xsi:nil="true"></CommitMessage>
      <Publisher xsi:nil="true"></Publisher>
      <AuthorizationReferences>[{"resourceId":"https://org82e53f84.crm.dynamics.com/"}]</AuthorizationReferences>
      <ConnectionReferences>{"1310bb35-bd41-4514-a66f-cc55d93882e9":{"id":"/providers/microsoft.powerapps/apis/shared_office365users","displayName":"Office 365 Users","iconUri":"https://connectoricons-prod.azureedge.net/u/henryorsborn/partial-builds/asev3migrations-with-resourceTemplate/1.0.1653.3403/office365users/icon.png","dataSources":["Office365Users"],"dependencies":[],"dependents":[],"parameterHints":{},"parameterHintsV2":{},"isOnPremiseConnection":false,"bypassConsent":false,"dataSets":{},"apiTier":"Standard","actions":["UserPhoto_V2"]},"45094aa3-c9e7-472c-8914-c41c617d5eea":{"id":"/providers/microsoft.powerapps/apis/shared_logicflows","displayName":"Logic flows","iconUri":"https://connectoricons-prod.azureedge.net/releases/v1.0.1664/1.0.1664.3477/logicflows/icon.png","dataSources":["GetUserProfile"],"dependencies":["2bcc0d04-8454-45b8-9aa5-f43a2fd97717"],"dependents":[],"parameterHints":{"workflowName":{"value":"152c3b28-6923-4c45-80e2-cbead612125c"},"workflowEntityId":{"value":"16a52a6b-7692-ed11-aad1-000d3adf7a52"},"2bcc0d04-8454-45b8-9aa5-f43a2fd97717":{"value":"shared_office365users_1"}},"parameterHintsV2":{"workflowName":{"value":"152c3b28-6923-4c45-80e2-cbead612125c"},"workflowEntityId":{"value":"16a52a6b-7692-ed11-aad1-000d3adf7a52"},"shared_office365users_1":{"value":"2bcc0d04-8454-45b8-9aa5-f43a2fd97717"}},"isOnPremiseConnection":false,"bypassConsent":false,"dataSets":{},"apiTier":"Standard","actions":["Run"]},"2bcc0d04-8454-45b8-9aa5-f43a2fd97717":{"id":"/providers/microsoft.powerapps/apis/shared_office365users","displayName":"Office 365 Users","iconUri":"https://connectoricons-prod.azureedge.net/u/henryorsborn/partial-builds/asev3migrations-with-resourceTemplate/1.0.1653.3403/office365users/icon.png","dataSources":[],"dependencies":[],"dependents":["45094aa3-c9e7-472c-8914-c41c617d5eea"],"parameterHints":{},"parameterHintsV2":{},"isOnPremiseConnection":false,"bypassConsent":false,"dataSets":{},"apiTier":"Standard"}}</ConnectionReferences>
      <DatabaseReferences>{"b0d4996d-7e5f-eb81-9f22-070a97304516":{"databaseDetails":{"referenceType":"External","environmentName":"b0d4996d-7e5f-eb81-9f22-070a97304516","overrideValues":{"status":"NotSpecified","environmentVariableName":"nki_DataverseWithCoE"}},"dataSources":{"AAD Users":{"entitySetName":"aadusers","logicalName":"aaduser"},"Makers":{"entitySetName":"admin_makers","logicalName":"admin_maker"},"Audit Logs":{"entitySetName":"admin_auditlogs","logicalName":"admin_auditlog"},"PowerApps Apps":{"entitySetName":"admin_apps","logicalName":"admin_app"}}}}</DatabaseReferences>
      <AppComponents>[]</AppComponents>
      <AppComponentDependencies>[]</AppComponentDependencies>
      <CanConsumeAppPass>1</CanConsumeAppPass>
      <CanvasAppType>0</CanvasAppType>
      <BypassConsent>0</BypassConsent>
      <AdminControlBypassConsent>0</AdminControlBypassConsent>
      <EmbeddedApp xsi:nil="true"></EmbeddedApp>
      <IntroducedVersion>1.0</IntroducedVersion>
      <CdsDependencies>{"cdsdependencies":[{"dependencyid":"16a52a6b-7692-ed11-aad1-000d3adf7a52","componenttype":29,"componenttypeplatformname":"Workflow"},{"logicalname":"nki_DataverseWithCoE","componenttype":380,"componenttypeplatformname":"EnvironmentVariableDefinition"}]}</CdsDependencies>
      <IsCustomizable>1</IsCustomizable>
      <BackgroundImageUri>/CanvasApps/nki_requestanalyzerstatic_9be6b_BackgroundImageUri</BackgroundImageUri>
      <DocumentUri>/CanvasApps/nki_requestanalyzerstatic_9be6b_DocumentUri.msapp</DocumentUri>
    </CanvasApp>
  </CanvasApps>
  <connectionreferences>
    <connectionreference connectionreferencelogicalname="nki_sharedoffice365users_6473c">
      <connectionreferencedisplayname>RA- Office 365 Users</connectionreferencedisplayname>
      <connectorid>/providers/Microsoft.PowerApps/apis/shared_office365users</connectorid>
      <iscustomizable>1</iscustomizable>
      <statecode>0</statecode>
      <statuscode>1</statuscode>
    </connectionreference>
    <connectionreference connectionreferencelogicalname="nki_sharedsharepointonline_107c7">
      <connectionreferencedisplayname>RA- Sharepoint Site</connectionreferencedisplayname>
      <connectorid>/providers/Microsoft.PowerApps/apis/shared_sharepointonline</connectorid>
      <iscustomizable>1</iscustomizable>
      <statecode>0</statecode>
      <statuscode>1</statuscode>
    </connectionreference>
    <connectionreference connectionreferencelogicalname="nki_sharedwebcontents_6c70b">
      <connectionreferencedisplayname>RA- HTTP with Azure AD Licensing API</connectionreferencedisplayname>
      <connectorid>/providers/Microsoft.PowerApps/apis/shared_webcontents</connectorid>
      <description>A connection to the licensing API used to collect API calls report</description>
      <iscustomizable>1</iscustomizable>
      <statecode>0</statecode>
      <statuscode>1</statuscode>
    </connectionreference>
    <connectionreference connectionreferencelogicalname="nki_sharedwebcontents_792c1">
      <connectionreferencedisplayname>RA- HTTP with Azure AD Graph API</connectionreferencedisplayname>
      <connectorid>/providers/Microsoft.PowerApps/apis/shared_webcontents</connectorid>
      <description>Graph API to request the tenant ID</description>
      <iscustomizable>1</iscustomizable>
      <statecode>0</statecode>
      <statuscode>1</statuscode>
    </connectionreference>
  </connectionreferences>
  <Languages>
    <Language>1033</Language>
  </Languages>
</ImportExportXml>