<environmentvariabledefinition schemaname="nki_RASP_FolderPowerPagesAuthenticated">
  <description default="The path to the folder hosting the Power Pages Authenticated reports">
    <label description="The path to the folder hosting the Power Pages Authenticated reports" languagecode="1033" />
  </description>
  <displayname default="RA-SP_Folder-PowerPagesAuthenticated">
    <label description="RA-SP_Folder-PowerPagesAuthenticated" languagecode="1033" />
  </displayname>
  <introducedversion>1.0.0.11</introducedversion>
  <iscustomizable>1</iscustomizable>
  <isrequired>0</isrequired>
  <secretstore>0</secretstore>
  <type>100000000</type>
</environmentvariabledefinition>