{
  "properties": {
    "connectionReferences": {
      "shared_webcontents_1": {
        "runtimeSource": "embedded",
        "connection": {
          "connectionReferenceLogicalName": "nki_sharedwebcontents_792c1"
        },
        "api": {
          "name": "shared_webcontents"
        }
      }
    },
    "definition": {
      "$schema": "https://schema.management.azure.com/providers/Microsoft.Logic/schemas/2016-06-01/workflowdefinition.json#",
      "contentVersion": "1.0.0.0",
      "parameters": {
        "$connections": {
          "defaultValue": {},
          "type": "Object"
        },
        "$authentication": {
          "defaultValue": {},
          "type": "SecureObject"
        }
      },
      "triggers": {
        "Recurrence": {
          "recurrence": {
            "frequency": "Day",
            "interval": 1,
            "timeZone": "UTC",
            "schedule": {
              "hours": [
                "1"
              ]
            }
          },
          "metadata": {
            "operationMetadataId": "dc772e0b-2c9a-4897-aea1-b880d4b03b6b"
          },
          "type": "Recurrence"
        }
      },
      "actions": {
        "Initialize_StartDate": {
          "runAfter": {},
          "metadata": {
            "operationMetadataId": "fdd5035a-5a79-4342-87cb-751212621dc2"
          },
          "type": "InitializeVariable",
          "inputs": {
            "variables": [
              {
                "name": "StartDate",
                "type": "string",
                "value": "@{formatDateTime(startOfDay(getPastTime(1,'Day')),'yyyy-MM-ddTHH:mm:ssZ')}"
              }
            ]
          }
        },
        "Initialize_EndDate": {
          "runAfter": {
            "Initialize_StartDate": [
              "Succeeded"
            ]
          },
          "metadata": {
            "operationMetadataId": "e20be825-c4b9-4484-bf3a-c651e48aa954"
          },
          "type": "InitializeVariable",
          "inputs": {
            "variables": [
              {
                "name": "EndDate",
                "type": "string",
                "value": "@{formatDateTime(startOfDay(utcNow()),'yyyy-MM-ddTHH:mm:ssZ')}"
              }
            ]
          }
        },
        "Initialize_ReportTypes": {
          "runAfter": {
            "Initialize_EndDate": [
              "Succeeded"
            ]
          },
          "metadata": {
            "operationMetadataId": "a8952eb4-dd34-4801-9c62-274663379177"
          },
          "type": "InitializeVariable",
          "inputs": {
            "variables": [
              {
                "name": "ReportTypes",
                "type": "array",
                "value": [
                  "AIByUserAndEnvironment",
                  "ApiByLicensedUser",
                  "ApiByNonLicensedUser",
                  "ApiByFlow",
                  "PowerPagesAnonymous",
                  "PowerPagesAuthenticated"
                ]
              }
            ]
          }
        },
        "Apply_to_each": {
          "foreach": "@variables('ReportTypes')",
          "actions": {
            "Run_a_Child_Flow": {
              "runAfter": {},
              "metadata": {
                "operationMetadataId": "3214280b-498a-4af4-939e-98175ba4c44b"
              },
              "type": "Workflow",
              "inputs": {
                "host": {
                  "workflowReferenceName": "b86f8048-745b-ee11-be6f-000d3a5c68b4"
                },
                "body": {
                  "text": "@variables('StartDate')",
                  "text_1": "@variables('EndDate')",
                  "text_2": "@items('Apply_to_each')",
                  "text_3": "@body('Parse_JSON_Tenant_ID')['id']"
                }
              }
            }
          },
          "runAfter": {
            "Parse_JSON_Tenant_ID": [
              "Succeeded"
            ]
          },
          "metadata": {
            "operationMetadataId": "7cec1104-8c0c-472a-bf2f-776627e5c0a4"
          },
          "type": "Foreach",
          "runtimeConfiguration": {
            "concurrency": {
              "repetitions": 20
            }
          }
        },
        "Get_Tenant_ID": {
          "runAfter": {
            "Initialize_ReportTypes": [
              "Succeeded"
            ]
          },
          "metadata": {
            "operationMetadataId": "91851267-4e69-40b2-a2f9-9a387d729500"
          },
          "type": "OpenApiConnection",
          "inputs": {
            "host": {
              "connectionName": "shared_webcontents_1",
              "operationId": "InvokeHttp",
              "apiId": "/providers/Microsoft.PowerApps/apis/shared_webcontents"
            },
            "parameters": {
              "request/method": "GET",
              "request/url": "https://graph.microsoft.com/v1.0/organization?$select=id"
            },
            "authentication": "@parameters('$authentication')"
          }
        },
        "Parse_JSON_Tenant_ID": {
          "runAfter": {
            "Get_Tenant_ID": [
              "Succeeded"
            ]
          },
          "metadata": {
            "operationMetadataId": "91c2a572-f8f3-4fb8-baba-8ed8f89ce2bb"
          },
          "type": "ParseJson",
          "inputs": {
            "content": "@first(body('Get_Tenant_ID')['value'])",
            "schema": {
              "type": "object",
              "properties": {
                "id": {
                  "type": "string"
                }
              },
              "required": [
                "id"
              ]
            }
          }
        }
      },
      "outputs": {}
    },
    "templateName": ""
  },
  "schemaVersion": "1.0.0.0"
}