<environmentvariabledefinition schemaname="nki_RASP_FolderAIBuilder">
  <description default="The path to the folder hosting the AIBuilder files, without the root part of the URL. Typically this, if the URL is https://contosotenant.sharepoint.com/sites/Contoso/Shared%20Documents/AIBuilder, then the patch to define here is /Shared Documents/AIBuilder/">
    <label description="The path to the folder hosting the AIBuilder files, without the root part of the URL. Typically this, if the URL is https://contosotenant.sharepoint.com/sites/Contoso/Shared%20Documents/AIBuilder, then the patch to define here is /Shared Documents/AIBuilder/" languagecode="1033" />
  </description>
  <displayname default="RA-SP_Folder-AIBuilder">
    <label description="RA-SP_Folder-AIBuilder" languagecode="1033" />
  </displayname>
  <introducedversion>1.0.0.11</introducedversion>
  <iscustomizable>1</iscustomizable>
  <isrequired>0</isrequired>
  <secretstore>0</secretstore>
  <type>100000000</type>
</environmentvariabledefinition>