<powerbimashupparameter uniquename="new_mashupparameter_c6e67a3c-79a6-4064-8b97-6fd4bf0f7ef8">
  <environmentvariableid>
    <schemaname>nki_SharePointFolderPath</schemaname>
  </environmentvariableid>
  <iscustomizable>1</iscustomizable>
  <isnotrequired>0</isnotrequired>
  <name>SP Folder Licensed User</name>
  <parametername>SP Folder Licensed User</parametername>
  <parametervaluesource>200000001</parametervaluesource>
  <statecode>0</statecode>
  <statuscode>1</statuscode>
</powerbimashupparameter>