<environmentvariabledefinition schemaname="nki_DataverseWithCoE">
  <apiid>/providers/microsoft.powerapps/apis/shared_commondataservice</apiid>
  <description default="A dataverse where the CoE is installed with maker and user data">
    <label description="A dataverse where the CoE is installed with maker and user data" languagecode="1033" />
  </description>
  <displayname default="DataverseWithCoE">
    <label description="DataverseWithCoE" languagecode="1033" />
  </displayname>
  <introducedversion>1.0.0.4</introducedversion>
  <iscustomizable>1</iscustomizable>
  <isrequired>0</isrequired>
  <secretstore>0</secretstore>
  <type>100000004</type>
</environmentvariabledefinition>