<environmentvariabledefinition schemaname="nki_SharePointFolderPath">
  <description default="The path to the folder hosting the file, without the root part of the URL. Typically this, if the URL is https://contosotenant.sharepoint.com/sites/Contoso/Shared%20Documents/, then the patch to define here is /Shared Documents/">
    <label description="The path to the folder hosting the file, without the root part of the URL. Typically this, if the URL is https://contosotenant.sharepoint.com/sites/Contoso/Shared%20Documents/, then the patch to define here is /Shared Documents/" languagecode="1033" />
  </description>
  <displayname default="SharePoint Folder Path">
    <label description="SharePoint Folder Path" languagecode="1033" />
  </displayname>
  <introducedversion>1.0.0.0</introducedversion>
  <iscustomizable>1</iscustomizable>
  <isrequired>0</isrequired>
  <secretstore>0</secretstore>
  <type>100000000</type>
</environmentvariabledefinition>