{
  "properties": {
    "connectionReferences": {
      "shared_webcontents_1": {
        "runtimeSource": "embedded",
        "connection": {
          "connectionReferenceLogicalName": "nki_sharedwebcontents_792c1"
        },
        "api": {
          "name": "shared_webcontents"
        }
      },
      "shared_webcontents": {
        "runtimeSource": "embedded",
        "connection": {
          "connectionReferenceLogicalName": "nki_sharedwebcontents_6c70b"
        },
        "api": {
          "name": "shared_webcontents"
        }
      },
      "shared_sharepointonline": {
        "runtimeSource": "embedded",
        "connection": {
          "connectionReferenceLogicalName": "nki_sharedsharepointonline_107c7"
        },
        "api": {
          "name": "shared_sharepointonline"
        }
      }
    },
    "definition": {
      "$schema": "https://schema.management.azure.com/providers/Microsoft.Logic/schemas/2016-06-01/workflowdefinition.json#",
      "contentVersion": "1.0.0.0",
      "parameters": {
        "$connections": {
          "defaultValue": {},
          "type": "Object"
        },
        "$authentication": {
          "defaultValue": {},
          "type": "SecureObject"
        },
        "RA-SP_Folder-NonLicensedUser (nki_SharePointFolderNLU)": {
          "defaultValue": "/Shared Documents/PowerPlatformRequestReports/NonLicensedUser/",
          "type": "String",
          "metadata": {
            "schemaName": "nki_SharePointFolderNLU",
            "description": "The path to the folder hosting the Non Licensed User files, without the root part of the URL. Typically this, if the URL is https://contosotenant.sharepoint.com/sites/Contoso/Shared%20Documents/NonLicensedUser, then the patch to define here is /Shared Documents/NonLicensedUser/"
          }
        },
        "RA-SP_Folder-PerFlow (nki_SharePointFolderPF)": {
          "defaultValue": "/Shared Documents/PowerPlatformRequestReports/PerFlow/",
          "type": "String",
          "metadata": {
            "schemaName": "nki_SharePointFolderPF",
            "description": "The path to the folder hosting the Per Flow files, without the root part of the URL. Typically this, if the URL is https://contosotenant.sharepoint.com/sites/Contoso/Shared%20Documents/PerFlow, then the patch to define here is /Shared Documents/PerFlow/"
          }
        },
        "RA-Sharepoint site URL (nki_SharepointsiteURL)": {
          "defaultValue": "https://demopp002.sharepoint.com/sites/RequestAnalyzer",
          "type": "String",
          "metadata": {
            "schemaName": "nki_SharepointsiteURL",
            "description": "The URL of the SharePoint site hosting the files. Typically, if the full URL is https://contosotenant.sharepoint.com/sites/Contoso/Shared%20Documents/,  this variable should be https://contosotenant.sharepoint.com/sites/Contoso"
          }
        },
        "RA-SP_Folder-LicensedUser (nki_SharePointFolderPath)": {
          "defaultValue": "/Shared Documents/PowerPlatformRequestReports/LicensedUser/",
          "type": "String",
          "metadata": {
            "schemaName": "nki_SharePointFolderPath",
            "description": "The path to the folder hosting the Licensed User files, without the root part of the URL. Typically this, if the URL is https://contosotenant.sharepoint.com/sites/Contoso/Shared%20Documents/LicensedUser, then the patch to define here is /Shared Documents//LicensedUser/"
          }
        }
      },
      "triggers": {
        "manual": {
          "metadata": {
            "operationMetadataId": "10b909b5-6c64-497b-bea3-cf7dc1508924"
          },
          "type": "Request",
          "kind": "Button",
          "inputs": {
            "schema": {
              "type": "object",
              "properties": {
                "text": {
                  "title": "StartDate",
                  "type": "string",
                  "x-ms-dynamically-added": true,
                  "description": "Please enter your input",
                  "x-ms-content-hint": "TEXT"
                },
                "text_1": {
                  "title": "EndDate",
                  "type": "string",
                  "x-ms-dynamically-added": true,
                  "description": "Please enter your input",
                  "x-ms-content-hint": "TEXT"
                },
                "text_2": {
                  "title": "FileName",
                  "type": "string",
                  "x-ms-dynamically-added": true,
                  "description": "Please enter your input",
                  "x-ms-content-hint": "TEXT"
                }
              },
              "required": [
                "text",
                "text_1",
                "text_2"
              ]
            }
          }
        }
      },
      "actions": {
        "Failure": {
          "actions": {
            "Filter_array": {
              "runAfter": {},
              "metadata": {
                "operationMetadataId": "3ab4c74f-09b8-4566-826d-0fca91fff263"
              },
              "type": "Query",
              "inputs": {
                "from": "@result('Main')",
                "where": "@equals(item()?['Status'], 'Failed')"
              }
            },
            "Failure_Response": {
              "runAfter": {
                "Filter_array": [
                  "Succeeded"
                ]
              },
              "metadata": {
                "operationMetadataId": "0e489400-2397-42a8-8c41-23cd344aae10"
              },
              "type": "Response",
              "kind": "Http",
              "inputs": {
                "statusCode": 400,
                "body": "@first(body('Filter_array'))['outputs']['body']"
              }
            }
          },
          "runAfter": {
            "Main": [
              "Failed"
            ]
          },
          "metadata": {
            "operationMetadataId": "a756fc7a-53ba-4dca-a64c-103ea5a447b6"
          },
          "type": "Scope"
        },
        "Success": {
          "actions": {
            "Response": {
              "runAfter": {},
              "metadata": {
                "operationMetadataId": "17c9af31-0d73-4a5f-8c6a-5485bacee08e"
              },
              "type": "Response",
              "kind": "Http",
              "inputs": {
                "statusCode": 200
              }
            }
          },
          "runAfter": {
            "Main": [
              "Succeeded"
            ]
          },
          "metadata": {
            "operationMetadataId": "1d855f60-d624-42c0-bda4-b759330ca3d7"
          },
          "type": "Scope"
        },
        "TimeOut": {
          "actions": {
            "TimeOut_Response": {
              "runAfter": {},
              "metadata": {
                "operationMetadataId": "06cbb5a4-a24c-470e-82e3-b37a6654f4af"
              },
              "type": "Response",
              "kind": "Http",
              "inputs": {
                "statusCode": 408
              }
            }
          },
          "runAfter": {
            "Main": [
              "TimedOut"
            ]
          },
          "metadata": {
            "operationMetadataId": "02f113ce-8e62-4422-b90f-696c67ac2a67"
          },
          "type": "Scope"
        },
        "Main": {
          "actions": {
            "Get_Tenant_ID": {
              "runAfter": {},
              "metadata": {
                "operationMetadataId": "6c3bb3ab-7d2f-4b0a-a412-990b520d9d0d"
              },
              "type": "OpenApiConnection",
              "inputs": {
                "host": {
                  "connectionName": "shared_webcontents_1",
                  "operationId": "InvokeHttp",
                  "apiId": "/providers/Microsoft.PowerApps/apis/shared_webcontents"
                },
                "parameters": {
                  "request/method": "GET",
                  "request/url": "https://graph.microsoft.com/v1.0/organization?$select=id"
                },
                "authentication": {
                  "type": "Raw",
                  "value": "@json(decodeBase64(triggerOutputs().headers['X-MS-APIM-Tokens']))['$ConnectionKey']"
                }
              }
            },
            "Parse_Tenant_ID_JSON": {
              "runAfter": {
                "Get_Tenant_ID": [
                  "Succeeded"
                ]
              },
              "metadata": {
                "operationMetadataId": "37135736-34d1-4673-a5fc-96cb170ca119"
              },
              "type": "ParseJson",
              "inputs": {
                "content": "@first(body('Get_Tenant_ID')['value'])",
                "schema": {
                  "type": "object",
                  "properties": {
                    "id": {
                      "type": "string"
                    }
                  },
                  "required": [
                    "id"
                  ]
                }
              }
            },
            "Licensed_Users": {
              "actions": {
                "Request_Report_for_Licensed_Users": {
                  "runAfter": {},
                  "metadata": {
                    "operationMetadataId": "2cfc6670-4223-4151-b54d-12a230207ca0"
                  },
                  "type": "OpenApiConnection",
                  "inputs": {
                    "host": {
                      "connectionName": "shared_webcontents",
                      "operationId": "InvokeHttp",
                      "apiId": "/providers/Microsoft.PowerApps/apis/shared_webcontents"
                    },
                    "parameters": {
                      "request/method": "POST",
                      "request/url": "https://licensing.powerplatform.microsoft.com/v0.1-alpha/tenants/@{body('Parse_Tenant_ID_JSON')['id']}/TenantConsumptionReport/GenerateReportURL",
                      "request/body": "{\n  \"consumptionReportDownload\": \"\",\n  \"endDate\": \"@{triggerBody()['text_1']}\",\n  \"forceRegenerate\": true,\n  \"reportType\": \"ApiByLicensedUser\",\n  \"startDate\": \"@{triggerBody()['text']}\",\n  \"status\": \"None\",\n  \"tenantId\": \"@{body('Parse_Tenant_ID_JSON')['id']}\"\n}"
                    },
                    "authentication": {
                      "type": "Raw",
                      "value": "@json(decodeBase64(triggerOutputs().headers['X-MS-APIM-Tokens']))['$ConnectionKey']"
                    }
                  },
                  "description": "NOT SUPPORTED API : Call the API to ask to generate yesterday's report.  (API is not supported, may  break at any time)"
                },
                "Wait_enough_to_allow_generation_of_Licensed_User_Report": {
                  "runAfter": {
                    "Request_Report_for_Licensed_Users": [
                      "Succeeded"
                    ]
                  },
                  "metadata": {
                    "operationMetadataId": "1a5373b8-fe32-4e27-9b7d-df6838a482bf"
                  },
                  "type": "Wait",
                  "inputs": {
                    "interval": {
                      "count": 1,
                      "unit": "Minute"
                    }
                  },
                  "description": "This parameter must be adjusted based on your tenant size. Some large tenants may require 15 minutes or more to generate the report."
                },
                "Download_Report_for_Licensed_Users": {
                  "runAfter": {
                    "Wait_enough_to_allow_generation_of_Licensed_User_Report": [
                      "Succeeded"
                    ]
                  },
                  "metadata": {
                    "operationMetadataId": "b6f550cd-54cd-4e79-a103-fcb0965aa707"
                  },
                  "type": "OpenApiConnection",
                  "inputs": {
                    "host": {
                      "connectionName": "shared_webcontents",
                      "operationId": "InvokeHttp",
                      "apiId": "/providers/Microsoft.PowerApps/apis/shared_webcontents"
                    },
                    "parameters": {
                      "request/method": "POST",
                      "request/url": "https://licensing.powerplatform.microsoft.com/v0.1-alpha/tenants/@{body('Parse_Tenant_ID_JSON')['id']}/TenantConsumptionReport/DownloadReport",
                      "request/body": "{\n  \"startDate\": \"@{triggerBody()['text']}\",\n  \"endDate\": \"@{triggerBody()['text_1']}\",\n  \"reportType\": \"ApiByLicensedUser\",\n  \"status\": \"None\",\n  \"tenantId\": \"@{body('Parse_Tenant_ID_JSON')['id']}\"\n}"
                    },
                    "authentication": {
                      "type": "Raw",
                      "value": "@json(decodeBase64(triggerOutputs().headers['X-MS-APIM-Tokens']))['$ConnectionKey']"
                    }
                  }
                },
                "Create_Licensed_User_File": {
                  "runAfter": {
                    "Download_Report_for_Licensed_Users": [
                      "Succeeded"
                    ]
                  },
                  "metadata": {
                    "operationMetadataId": "ff7c5b75-161d-4563-a557-75b0d395b688"
                  },
                  "type": "OpenApiConnection",
                  "inputs": {
                    "host": {
                      "connectionName": "shared_sharepointonline",
                      "operationId": "CreateFile",
                      "apiId": "/providers/Microsoft.PowerApps/apis/shared_sharepointonline"
                    },
                    "parameters": {
                      "dataset": "@parameters('RA-Sharepoint site URL (nki_SharepointsiteURL)')",
                      "folderPath": "@parameters('RA-SP_Folder-LicensedUser (nki_SharePointFolderPath)')",
                      "name": "@{body('Parse_Tenant_ID_JSON')['id']}_PowerPlatformRequestLicensedUser_@{slice(triggerBody()['text'],0,10)}_@{slice(triggerBody()['text_1'],0,10)}.csv",
                      "body": "@body('Download_Report_for_Licensed_Users')"
                    },
                    "authentication": {
                      "type": "Raw",
                      "value": "@json(decodeBase64(triggerOutputs().headers['X-MS-APIM-Tokens']))['$ConnectionKey']"
                    }
                  },
                  "runtimeConfiguration": {
                    "contentTransfer": {
                      "transferMode": "Chunked"
                    }
                  }
                }
              },
              "runAfter": {
                "Parse_Tenant_ID_JSON": [
                  "Succeeded"
                ]
              },
              "metadata": {
                "operationMetadataId": "2ea6577b-9150-48ad-b83b-8153be762c29"
              },
              "type": "Scope"
            },
            "Per_Flow_Flows": {
              "actions": {
                "Request_Report_for_Per_Flow_Licensed_Flows": {
                  "runAfter": {},
                  "metadata": {
                    "operationMetadataId": "042084f7-0162-46e6-8f7e-f75e52ef9c74"
                  },
                  "type": "OpenApiConnection",
                  "inputs": {
                    "host": {
                      "connectionName": "shared_webcontents",
                      "operationId": "InvokeHttp",
                      "apiId": "/providers/Microsoft.PowerApps/apis/shared_webcontents"
                    },
                    "parameters": {
                      "request/method": "POST",
                      "request/url": "https://licensing.powerplatform.microsoft.com/v0.1-alpha/tenants/@{body('Parse_Tenant_ID_JSON')['id']}/TenantConsumptionReport/GenerateReportURL",
                      "request/body": "{\n  \"consumptionReportDownload\": \"\",\n  \"endDate\": \"@{triggerBody()['text_1']}\",\n  \"forceRegenerate\": true,\n  \"reportType\": \"ApiByFlow\",\n  \"startDate\": \"@{triggerBody()['text']}\",\n  \"status\": \"None\",\n  \"tenantId\": \"@{body('Parse_Tenant_ID_JSON')['id']}\"\n}"
                    },
                    "authentication": {
                      "type": "Raw",
                      "value": "@json(decodeBase64(triggerOutputs().headers['X-MS-APIM-Tokens']))['$ConnectionKey']"
                    }
                  },
                  "description": "NOT SUPPORTED API : Call the API to ask to generate yesterday's report. (API is not supported, may break at any time)"
                },
                "Wait_enough_to_allow_generation_of_Per_Flow_Report": {
                  "runAfter": {
                    "Request_Report_for_Per_Flow_Licensed_Flows": [
                      "Succeeded"
                    ]
                  },
                  "metadata": {
                    "operationMetadataId": "43c84fdc-827d-4e36-a87a-698e7153c0f3"
                  },
                  "type": "Wait",
                  "inputs": {
                    "interval": {
                      "count": 1,
                      "unit": "Minute"
                    }
                  },
                  "description": " This parameter must be adjusted based on your tenant size. Some large tenants may require 15 minutes or more to generate the report."
                },
                "Download_Report_for_Per_Flow_Licensed_Flows": {
                  "runAfter": {
                    "Wait_enough_to_allow_generation_of_Per_Flow_Report": [
                      "Succeeded"
                    ]
                  },
                  "metadata": {
                    "operationMetadataId": "fb16ff53-d3d6-461d-b3ba-183e9e407daf"
                  },
                  "type": "OpenApiConnection",
                  "inputs": {
                    "host": {
                      "connectionName": "shared_webcontents",
                      "operationId": "InvokeHttp",
                      "apiId": "/providers/Microsoft.PowerApps/apis/shared_webcontents"
                    },
                    "parameters": {
                      "request/method": "POST",
                      "request/url": "https://licensing.powerplatform.microsoft.com/v0.1-alpha/tenants/@{body('Parse_Tenant_ID_JSON')['id']}/TenantConsumptionReport/DownloadReport",
                      "request/body": "{\n  \"startDate\": \"@{triggerBody()['text']}\",\n  \"endDate\": \"@{triggerBody()['text_1']}\",\n  \"reportType\": \"ApiByFlow\",\n  \"status\": \"None\",\n  \"tenantId\": \"@{body('Parse_Tenant_ID_JSON')['id']}\"\n}"
                    },
                    "authentication": {
                      "type": "Raw",
                      "value": "@json(decodeBase64(triggerOutputs().headers['X-MS-APIM-Tokens']))['$ConnectionKey']"
                    }
                  }
                },
                "Create_Per_Flow_File": {
                  "runAfter": {
                    "Download_Report_for_Per_Flow_Licensed_Flows": [
                      "Succeeded"
                    ]
                  },
                  "metadata": {
                    "operationMetadataId": "bc52f191-8663-4d4a-b0c0-d3f941bb139d"
                  },
                  "type": "OpenApiConnection",
                  "inputs": {
                    "host": {
                      "connectionName": "shared_sharepointonline",
                      "operationId": "CreateFile",
                      "apiId": "/providers/Microsoft.PowerApps/apis/shared_sharepointonline"
                    },
                    "parameters": {
                      "dataset": "@parameters('RA-Sharepoint site URL (nki_SharepointsiteURL)')",
                      "folderPath": "@parameters('RA-SP_Folder-PerFlow (nki_SharePointFolderPF)')",
                      "name": "@{body('Parse_Tenant_ID_JSON')['id']}_PowerPlatformRequestPerFlowLicensedFlows_@{slice(triggerBody()['text'],0,10)}_@{slice(triggerBody()['text_1'],0,10)}.csv",
                      "body": "@body('Download_Report_for_Per_Flow_Licensed_Flows')"
                    },
                    "authentication": {
                      "type": "Raw",
                      "value": "@json(decodeBase64(triggerOutputs().headers['X-MS-APIM-Tokens']))['$ConnectionKey']"
                    }
                  },
                  "runtimeConfiguration": {
                    "contentTransfer": {
                      "transferMode": "Chunked"
                    }
                  }
                }
              },
              "runAfter": {
                "Parse_Tenant_ID_JSON": [
                  "Succeeded"
                ]
              },
              "metadata": {
                "operationMetadataId": "0c39eb2e-991b-4328-a5b0-5b40136c22d5"
              },
              "type": "Scope"
            },
            "Non-Licensed_Users": {
              "actions": {
                "Request_Report_for_Non-licensed_Users": {
                  "runAfter": {},
                  "metadata": {
                    "operationMetadataId": "7a5f7391-f34e-46a3-b020-242b9de2bff0"
                  },
                  "type": "OpenApiConnection",
                  "inputs": {
                    "host": {
                      "connectionName": "shared_webcontents",
                      "operationId": "InvokeHttp",
                      "apiId": "/providers/Microsoft.PowerApps/apis/shared_webcontents"
                    },
                    "parameters": {
                      "request/method": "POST",
                      "request/url": "https://licensing.powerplatform.microsoft.com/v0.1-alpha/tenants/@{body('Parse_Tenant_ID_JSON')['id']}/TenantConsumptionReport/GenerateReportURL",
                      "request/body": "{\n  \"consumptionReportDownload\": \"\",\n  \"endDate\": \"@{triggerBody()['text_1']}\",\n  \"forceRegenerate\": true,\n  \"reportType\": \"ApiByNonLicensedUser\",\n  \"startDate\": \"@{triggerBody()['text']}\",\n  \"status\": \"None\",\n  \"tenantId\": \"@{body('Parse_Tenant_ID_JSON')['id']}\"\n}"
                    },
                    "authentication": {
                      "type": "Raw",
                      "value": "@json(decodeBase64(triggerOutputs().headers['X-MS-APIM-Tokens']))['$ConnectionKey']"
                    }
                  },
                  "description": " NOT SUPPORTED API : Call the API to ask to generate yesterday's report. (API is not supported, may break at any time)"
                },
                "Wait_enough_to_allow_generation_of_Non-Licensed_User_Report": {
                  "runAfter": {
                    "Request_Report_for_Non-licensed_Users": [
                      "Succeeded"
                    ]
                  },
                  "metadata": {
                    "operationMetadataId": "376fe3c9-b50c-42b0-a41e-6e9e8708e8fb"
                  },
                  "type": "Wait",
                  "inputs": {
                    "interval": {
                      "count": 1,
                      "unit": "Minute"
                    }
                  },
                  "description": " This parameter must be adjusted based on your tenant size. Some large tenants may require 15 minutes or more to generate the report."
                },
                "Download_Report_for_Non_Licensed_Users": {
                  "runAfter": {
                    "Wait_enough_to_allow_generation_of_Non-Licensed_User_Report": [
                      "Succeeded"
                    ]
                  },
                  "metadata": {
                    "operationMetadataId": "3d448476-0855-48e5-8622-161a6406c5fe"
                  },
                  "type": "OpenApiConnection",
                  "inputs": {
                    "host": {
                      "connectionName": "shared_webcontents",
                      "operationId": "InvokeHttp",
                      "apiId": "/providers/Microsoft.PowerApps/apis/shared_webcontents"
                    },
                    "parameters": {
                      "request/method": "POST",
                      "request/url": "https://licensing.powerplatform.microsoft.com/v0.1-alpha/tenants/@{body('Parse_Tenant_ID_JSON')['id']}/TenantConsumptionReport/DownloadReport",
                      "request/body": "{\n  \"startDate\": \"@{triggerBody()['text']}\",\n  \"endDate\": \"@{triggerBody()['text_1']}\",\n  \"reportType\": \"ApiByNonLicensedUser\",\n  \"status\": \"None\",\n  \"tenantId\": \"@{body('Parse_Tenant_ID_JSON')['id']}\"\n}"
                    },
                    "authentication": {
                      "type": "Raw",
                      "value": "@json(decodeBase64(triggerOutputs().headers['X-MS-APIM-Tokens']))['$ConnectionKey']"
                    }
                  }
                },
                "Create_Non-Licensed_file": {
                  "runAfter": {
                    "Download_Report_for_Non_Licensed_Users": [
                      "Succeeded"
                    ]
                  },
                  "metadata": {
                    "operationMetadataId": "a6aefa57-aa90-4f4f-b678-a2c26dae1b71"
                  },
                  "type": "OpenApiConnection",
                  "inputs": {
                    "host": {
                      "connectionName": "shared_sharepointonline",
                      "operationId": "CreateFile",
                      "apiId": "/providers/Microsoft.PowerApps/apis/shared_sharepointonline"
                    },
                    "parameters": {
                      "dataset": "@parameters('RA-Sharepoint site URL (nki_SharepointsiteURL)')",
                      "folderPath": "@parameters('RA-SP_Folder-NonLicensedUser (nki_SharePointFolderNLU)')",
                      "name": "@{body('Parse_Tenant_ID_JSON')['id']}_PowerPlatformRequestNonLicensedUser_@{slice(triggerBody()['text'],0,10)}_@{slice(triggerBody()['text_1'],0,10)}.csv",
                      "body": "@body('Download_Report_for_Non_Licensed_Users')"
                    },
                    "authentication": {
                      "type": "Raw",
                      "value": "@json(decodeBase64(triggerOutputs().headers['X-MS-APIM-Tokens']))['$ConnectionKey']"
                    }
                  },
                  "runtimeConfiguration": {
                    "contentTransfer": {
                      "transferMode": "Chunked"
                    }
                  }
                }
              },
              "runAfter": {
                "Parse_Tenant_ID_JSON": [
                  "Succeeded"
                ]
              },
              "metadata": {
                "operationMetadataId": "28383438-8d23-4eea-b28a-e477a3d6d08c"
              },
              "type": "Scope"
            }
          },
          "runAfter": {},
          "metadata": {
            "operationMetadataId": "1a42b10a-4294-4499-968d-676817dcccf9"
          },
          "type": "Scope"
        }
      },
      "outputs": {}
    },
    "templateName": ""
  },
  "schemaVersion": "1.0.0.0"
}