<powerbimashupparameter uniquename="new_mashupparameter_3d91e3dd-eec4-49d3-80d2-683d059ebbba">
  <environmentvariableid>
    <schemaname>nki_SharePointFolderPF</schemaname>
  </environmentvariableid>
  <iscustomizable>1</iscustomizable>
  <isnotrequired>0</isnotrequired>
  <name>SP Folder Per Flow Licensed Flows</name>
  <parametername>SP Folder Per Flow Licensed Flows</parametername>
  <parametervaluesource>200000001</parametervaluesource>
  <statecode>0</statecode>
  <statuscode>1</statuscode>
</powerbimashupparameter>