<environmentvariabledefinition schemaname="nki_SharePointFolderNLU">
  <description default="The path to the folder hosting the Non Licensed User files, without the root part of the URL. Typically this, if the URL is https://contosotenant.sharepoint.com/sites/Contoso/Shared%20Documents/NonLicensedUser, then the patch to define here is /Shared Documents/NonLicensedUser/">
    <label description="The path to the folder hosting the Non Licensed User files, without the root part of the URL. Typically this, if the URL is https://contosotenant.sharepoint.com/sites/Contoso/Shared%20Documents/NonLicensedUser, then the patch to define here is /Shared Documents/NonLicensedUser/" languagecode="1033" />
  </description>
  <displayname default="RA-SP_Folder-NonLicensedUser">
    <label description="RA-SP_Folder-NonLicensedUser" languagecode="1033" />
  </displayname>
  <introducedversion>1.0.0.10</introducedversion>
  <iscustomizable>1</iscustomizable>
  <isrequired>0</isrequired>
  <secretstore>0</secretstore>
  <type>100000000</type>
</environmentvariabledefinition>