<powerbimashupparameter uniquename="new_mashupparameter_477265d9-5d74-4b5c-a183-09473058fa68">
  <environmentvariableid>
    <schemaname>nki_SharePointFolderNLU</schemaname>
  </environmentvariableid>
  <iscustomizable>1</iscustomizable>
  <isnotrequired>0</isnotrequired>
  <name>SP Folder Non Licensed User</name>
  <parametername>SP Folder Non Licensed User</parametername>
  <parametervaluesource>200000001</parametervaluesource>
  <statecode>0</statecode>
  <statuscode>1</statuscode>
</powerbimashupparameter>