{
  "properties": {
    "connectionReferences": {},
    "definition": {
      "$schema": "https://schema.management.azure.com/providers/Microsoft.Logic/schemas/2016-06-01/workflowdefinition.json#",
      "contentVersion": "1.0.0.0",
      "parameters": {
        "$authentication": {
          "defaultValue": {},
          "type": "SecureObject"
        }
      },
      "triggers": {
        "manual": {
          "metadata": {
            "operationMetadataId": "8d3ce1a6-3672-4aad-bbb7-9cbd54708684"
          },
          "type": "Request",
          "kind": "Button",
          "inputs": {
            "schema": {
              "type": "object",
              "properties": {
                "date": {
                  "title": "StartDate",
                  "type": "string",
                  "format": "date",
                  "x-ms-dynamically-added": true,
                  "description": "Please enter or select a date (YYYY-MM-DD)",
                  "x-ms-content-hint": "DATE"
                },
                "date_1": {
                  "title": "EndDate",
                  "type": "string",
                  "format": "date",
                  "x-ms-dynamically-added": true,
                  "description": "Please enter or select a date (YYYY-MM-DD)",
                  "x-ms-content-hint": "DATE"
                }
              },
              "required": [
                "date",
                "date_1"
              ]
            }
          }
        }
      },
      "actions": {
        "Run_a_Child_Flow": {
          "runAfter": {},
          "metadata": {
            "operationMetadataId": "2d76202d-6b09-495a-87ae-8bd72ef5677b"
          },
          "type": "Workflow",
          "inputs": {
            "host": {
              "workflowReferenceName": "b86f8048-745b-ee11-be6f-000d3a5c68b4"
            },
            "body": {
              "text": "@concat(triggerBody()['date'],'T00:00:00.0000000Z')",
              "text_1": "@concat(triggerBody()['date_1'],'T00:00:00.0000000Z')",
              "text_2": "@{triggerBody()['date']}_to_@{triggerBody()['date_1']}.csv"
            }
          }
        }
      }
    },
    "templateName": null
  },
  "schemaVersion": "1.0.0.0"
}