{
  "properties": {
    "connectionReferences": {
      "shared_webcontents": {
        "runtimeSource": "embedded",
        "connection": {
          "connectionReferenceLogicalName": "nki_sharedwebcontents_6c70b"
        },
        "api": {
          "name": "shared_webcontents"
        }
      },
      "shared_sharepointonline": {
        "runtimeSource": "embedded",
        "connection": {
          "connectionReferenceLogicalName": "nki_sharedsharepointonline_107c7"
        },
        "api": {
          "name": "shared_sharepointonline"
        }
      }
    },
    "definition": {
      "$schema": "https://schema.management.azure.com/providers/Microsoft.Logic/schemas/2016-06-01/workflowdefinition.json#",
      "contentVersion": "1.0.0.0",
      "parameters": {
        "$connections": {
          "defaultValue": {},
          "type": "Object"
        },
        "$authentication": {
          "defaultValue": {},
          "type": "SecureObject"
        },
        "RA-SP_Folder-NonLicensedUser (nki_SharePointFolderNLU)": {
          "defaultValue": "/Shared Documents/PpacReports/NonLicensedUser/",
          "type": "String",
          "metadata": {
            "schemaName": "nki_SharePointFolderNLU",
            "description": "The path to the folder hosting the Non Licensed User files, without the root part of the URL. Typically this, if the URL is https://contosotenant.sharepoint.com/sites/Contoso/Shared%20Documents/NonLicensedUser, then the patch to define here is /Shared Documents/NonLicensedUser/"
          }
        },
        "RA-SP_Folder-PerFlow (nki_SharePointFolderPF)": {
          "defaultValue": "/Shared Documents/PpacReports/PerFlow/",
          "type": "String",
          "metadata": {
            "schemaName": "nki_SharePointFolderPF",
            "description": "The path to the folder hosting the Per Flow files, without the root part of the URL. Typically this, if the URL is https://contosotenant.sharepoint.com/sites/Contoso/Shared%20Documents/PerFlow, then the patch to define here is /Shared Documents/PerFlow/"
          }
        },
        "RA-SP_Folder-LicensedUser (nki_SharePointFolderPath)": {
          "defaultValue": "/Shared Documents/PpacReports/LicensedUser/",
          "type": "String",
          "metadata": {
            "schemaName": "nki_SharePointFolderPath",
            "description": "The path to the folder hosting the Licensed User files, without the root part of the URL. Typically this, if the URL is https://contosotenant.sharepoint.com/sites/Contoso/Shared%20Documents/LicensedUser, then the patch to define here is /Shared Documents/LicensedUser/"
          }
        },
        "RA-SP_site URL (nki_SharepointsiteURL)": {
          "defaultValue": "https://demopp002.sharepoint.com/sites/RequestAnalyzer",
          "type": "String",
          "metadata": {
            "schemaName": "nki_SharepointsiteURL",
            "description": "The URL of the SharePoint site hosting the files. Typically, if the full URL is https://contosotenant.sharepoint.com/sites/Contoso/Shared%20Documents/,  this variable should be https://contosotenant.sharepoint.com/sites/Contoso"
          }
        },
        "RA-SP_Folder-AIBuilder (nki_RASP_FolderAIBuilder)": {
          "defaultValue": "/Shared Documents/PpacReports/AIBuilder/",
          "type": "String",
          "metadata": {
            "schemaName": "nki_RASP_FolderAIBuilder",
            "description": "The path to the folder hosting the AIBuilder files, without the root part of the URL. Typically this, if the URL is https://contosotenant.sharepoint.com/sites/Contoso/Shared%20Documents/AIBuilder, then the patch to define here is /Shared Documents/AIBuilder/"
          }
        },
        "RA-SP_Folder-PowerPagesAnonymous (nki_RASP_FolderPowerPagesAnonymous)": {
          "defaultValue": "/Shared Documents/PpacReports/PowerPagesAnonymous",
          "type": "String",
          "metadata": {
            "schemaName": "nki_RASP_FolderPowerPagesAnonymous",
            "description": "The path to the folder hosting the Power Page anonymous files"
          }
        },
        "RA-SP_Folder-PowerPagesAuthenticated (nki_RASP_FolderPowerPagesAuthenticated)": {
          "defaultValue": "/Shared Documents/PpacReports/PowerPagesAuthenticated",
          "type": "String",
          "metadata": {
            "schemaName": "nki_RASP_FolderPowerPagesAuthenticated",
            "description": "The path to the folder hosting the Power Pages Authenticated reports"
          }
        }
      },
      "triggers": {
        "manual": {
          "metadata": {
            "operationMetadataId": "10b909b5-6c64-497b-bea3-cf7dc1508924"
          },
          "type": "Request",
          "kind": "Button",
          "inputs": {
            "schema": {
              "type": "object",
              "properties": {
                "text": {
                  "title": "StartDate",
                  "type": "string",
                  "x-ms-dynamically-added": true,
                  "description": "Please enter your input",
                  "x-ms-content-hint": "TEXT"
                },
                "text_1": {
                  "title": "EndDate",
                  "type": "string",
                  "x-ms-dynamically-added": true,
                  "description": "Please enter your input",
                  "x-ms-content-hint": "TEXT"
                },
                "text_2": {
                  "title": "ReportType",
                  "type": "string",
                  "x-ms-dynamically-added": true,
                  "description": "Please enter your input",
                  "x-ms-content-hint": "TEXT",
                  "enum": [
                    "AIByUserAndEnvironment",
                    "ApiByLicensedUser",
                    "ApiByNonLicensedUser",
                    "ApiByFlow",
                    "PowerPagesAnonymous",
                    "PowerPagesAuthenticated"
                  ]
                },
                "text_3": {
                  "title": "TenantId",
                  "type": "string",
                  "x-ms-dynamically-added": true,
                  "description": "Please enter your input",
                  "x-ms-content-hint": "TEXT"
                }
              },
              "required": [
                "text",
                "text_1",
                "text_2",
                "text_3"
              ]
            }
          }
        }
      },
      "actions": {
        "Failure": {
          "actions": {
            "Filter_array": {
              "runAfter": {},
              "metadata": {
                "operationMetadataId": "3ab4c74f-09b8-4566-826d-0fca91fff263"
              },
              "type": "Query",
              "inputs": {
                "from": "@result('Main')",
                "where": "@equals(item()?['Status'], 'Failed')"
              }
            },
            "Failure_Response": {
              "runAfter": {
                "Filter_array": [
                  "Succeeded"
                ]
              },
              "metadata": {
                "operationMetadataId": "0e489400-2397-42a8-8c41-23cd344aae10"
              },
              "type": "Response",
              "kind": "Http",
              "inputs": {
                "statusCode": 400,
                "body": "@first(body('Filter_array'))['outputs']['body']"
              }
            }
          },
          "runAfter": {
            "Main": [
              "Failed"
            ]
          },
          "metadata": {
            "operationMetadataId": "a756fc7a-53ba-4dca-a64c-103ea5a447b6"
          },
          "type": "Scope"
        },
        "Success": {
          "actions": {
            "Response": {
              "runAfter": {},
              "metadata": {
                "operationMetadataId": "17c9af31-0d73-4a5f-8c6a-5485bacee08e"
              },
              "type": "Response",
              "kind": "Http",
              "inputs": {
                "statusCode": 200
              }
            }
          },
          "runAfter": {
            "Main": [
              "Succeeded"
            ]
          },
          "metadata": {
            "operationMetadataId": "1d855f60-d624-42c0-bda4-b759330ca3d7"
          },
          "type": "Scope"
        },
        "TimeOut": {
          "actions": {
            "TimeOut_Response": {
              "runAfter": {},
              "metadata": {
                "operationMetadataId": "06cbb5a4-a24c-470e-82e3-b37a6654f4af"
              },
              "type": "Response",
              "kind": "Http",
              "inputs": {
                "statusCode": 408
              }
            }
          },
          "runAfter": {
            "Main": [
              "TimedOut"
            ]
          },
          "metadata": {
            "operationMetadataId": "02f113ce-8e62-4422-b90f-696c67ac2a67"
          },
          "type": "Scope"
        },
        "Main": {
          "actions": {
            "Pool_API_till_report_is_ready": {
              "actions": {
                "Pool_report_API": {
                  "runAfter": {},
                  "metadata": {
                    "operationMetadataId": "cf983677-3e04-4fc8-ba4a-5600ad18970c"
                  },
                  "type": "OpenApiConnection",
                  "inputs": {
                    "host": {
                      "connectionName": "shared_webcontents",
                      "operationId": "InvokeHttp",
                      "apiId": "/providers/Microsoft.PowerApps/apis/shared_webcontents"
                    },
                    "parameters": {
                      "request/method": "GET",
                      "request/url": "https://licensing.powerplatform.microsoft.com/v0.1-alpha/tenants/@{triggerBody()['text_3']}/TenantConsumptionReport/GetAllReports"
                    },
                    "authentication": {
                      "type": "Raw",
                      "value": "@json(decodeBase64(triggerOutputs().headers['X-MS-APIM-Tokens']))['$ConnectionKey']"
                    }
                  }
                },
                "Parse_JSON_DefaultReports": {
                  "runAfter": {
                    "Pool_report_API": [
                      "Succeeded"
                    ]
                  },
                  "metadata": {
                    "operationMetadataId": "52c32ef5-1ec2-429f-ab6c-7cfee7397b7a"
                  },
                  "type": "ParseJson",
                  "inputs": {
                    "content": "@body('Pool_report_API')?['defaultConsumptionReportInfo']",
                    "schema": {
                      "type": "array",
                      "items": {
                        "type": "object",
                        "properties": {
                          "startDate": {
                            "type": "string"
                          },
                          "endDate": {
                            "type": "string"
                          },
                          "reportType": {
                            "type": "string"
                          },
                          "status": {
                            "type": "string"
                          }
                        },
                        "required": [
                          "startDate",
                          "endDate",
                          "reportType",
                          "status"
                        ]
                      }
                    }
                  }
                },
                "Filter_Requested_Report": {
                  "runAfter": {
                    "Parse_JSON_DefaultReports": [
                      "Succeeded"
                    ]
                  },
                  "metadata": {
                    "operationMetadataId": "6c229d85-6d6a-4052-9817-a27400540253"
                  },
                  "type": "Query",
                  "inputs": {
                    "from": "@body('Parse_JSON_DefaultReports')",
                    "where": "@and(equals(item()['startDate'], triggerBody()['text']),equals(item()['endDate'], triggerBody()['text_1']),equals(item()['reportType'], triggerBody()['text_2']))"
                  }
                },
                "Set_Status": {
                  "runAfter": {
                    "Filter_Requested_Report": [
                      "Succeeded"
                    ]
                  },
                  "metadata": {
                    "operationMetadataId": "d573f78a-2df9-4676-bdbf-b20de06a385e"
                  },
                  "type": "SetVariable",
                  "inputs": {
                    "name": "Status",
                    "value": "@{first(body('Filter_Requested_Report'))?['status']}"
                  }
                },
                "If_report_is_completed": {
                  "actions": {},
                  "runAfter": {
                    "Set_Status": [
                      "Succeeded"
                    ]
                  },
                  "else": {
                    "actions": {
                      "Delay": {
                        "runAfter": {},
                        "metadata": {
                          "operationMetadataId": "dfd89489-62de-49be-b038-acebbefef448"
                        },
                        "type": "Wait",
                        "inputs": {
                          "interval": {
                            "count": 5,
                            "unit": "Minute"
                          }
                        }
                      }
                    }
                  },
                  "expression": {
                    "equals": [
                      "@variables('Status')",
                      "Completed"
                    ]
                  },
                  "metadata": {
                    "operationMetadataId": "e83ed5a7-c711-46fa-890e-4bb07d1a483e"
                  },
                  "type": "If"
                }
              },
              "runAfter": {
                "Delay_1_minute": [
                  "Succeeded"
                ]
              },
              "expression": "@equals(variables('Status'), 'Completed')",
              "limit": {
                "count": 2,
                "timeout": "PT2H"
              },
              "metadata": {
                "operationMetadataId": "7c1407e1-e177-4121-9fd6-ce5b3df434a7"
              },
              "type": "Until",
              "description": "Pool the API every 5 minutes to check if the ApiByLicensedUser report is completed. The assumption is that this is the longest report to generate"
            },
            "Download_Report": {
              "runAfter": {
                "Pool_API_till_report_is_ready": [
                  "Succeeded"
                ]
              },
              "metadata": {
                "operationMetadataId": "b6f550cd-54cd-4e79-a103-fcb0965aa707"
              },
              "type": "OpenApiConnection",
              "inputs": {
                "host": {
                  "connectionName": "shared_webcontents",
                  "operationId": "InvokeHttp",
                  "apiId": "/providers/Microsoft.PowerApps/apis/shared_webcontents"
                },
                "parameters": {
                  "request/method": "POST",
                  "request/url": "https://licensing.powerplatform.microsoft.com/v0.1-alpha/tenants/@{triggerBody()['text_3']}/TenantConsumptionReport/DownloadReport",
                  "request/body": "{\n  \"startDate\": \"@{triggerBody()['text']}\",\n  \"endDate\": \"@{triggerBody()['text_1']}\",\n  \"reportType\": \"@{triggerBody()['text_2']}\",\n  \"status\": \"None\",\n  \"tenantId\": \"@{triggerBody()['text_3']}\"\n}"
                },
                "authentication": {
                  "type": "Raw",
                  "value": "@json(decodeBase64(triggerOutputs().headers['X-MS-APIM-Tokens']))['$ConnectionKey']"
                }
              }
            },
            "Save_Report_to_Sharepoint": {
              "runAfter": {
                "Filter_SharePoint_Conf": [
                  "Succeeded"
                ]
              },
              "metadata": {
                "operationMetadataId": "ff7c5b75-161d-4563-a557-75b0d395b688"
              },
              "type": "OpenApiConnection",
              "inputs": {
                "host": {
                  "connectionName": "shared_sharepointonline",
                  "operationId": "CreateFile",
                  "apiId": "/providers/Microsoft.PowerApps/apis/shared_sharepointonline"
                },
                "parameters": {
                  "dataset": "@parameters('RA-SP_site URL (nki_SharepointsiteURL)')",
                  "folderPath": "@first(body('Filter_SharePoint_Conf'))?['folderPath']",
                  "name": "@{triggerBody()['text_3']}_@{first(body('Filter_SharePoint_Conf'))?['fileName']}_@{slice(triggerBody()['text'], 0, 10)}_@{slice(triggerBody()['text_1'], 0, 10)}.csv",
                  "body": "@body('Download_Report')"
                },
                "authentication": {
                  "type": "Raw",
                  "value": "@json(decodeBase64(triggerOutputs().headers['X-MS-APIM-Tokens']))['$ConnectionKey']"
                }
              }
            },
            "Delay_1_minute": {
              "runAfter": {
                "Request_Report": [
                  "Succeeded"
                ]
              },
              "metadata": {
                "operationMetadataId": "beb301b4-380a-4902-a39e-c420c0c42d5d"
              },
              "type": "Wait",
              "inputs": {
                "interval": {
                  "count": 60,
                  "unit": "Second"
                }
              },
              "description": "Wait for the minimum delay to get the reports. This is usefull for small tenants, like the ones used to develop this tool"
            },
            "Request_Report": {
              "runAfter": {},
              "metadata": {
                "operationMetadataId": "2cfc6670-4223-4151-b54d-12a230207ca0"
              },
              "type": "OpenApiConnection",
              "inputs": {
                "host": {
                  "connectionName": "shared_webcontents",
                  "operationId": "InvokeHttp",
                  "apiId": "/providers/Microsoft.PowerApps/apis/shared_webcontents"
                },
                "parameters": {
                  "request/method": "POST",
                  "request/url": "https://licensing.powerplatform.microsoft.com/v0.1-alpha/tenants/@{triggerBody()['text_3']}/TenantConsumptionReport/GenerateReportURL",
                  "request/body": "{\n  \"consumptionReportDownload\": \"\",\n  \"endDate\": \"@{triggerBody()['text_1']}\",\n  \"forceRegenerate\": true,\n  \"reportType\": \"@{triggerBody()['text_2']}\",\n  \"startDate\": \"@{triggerBody()['text']}\",\n  \"status\": \"None\",\n  \"tenantId\": \"@{triggerBody()['text_3']}\"\n}"
                },
                "authentication": {
                  "type": "Raw",
                  "value": "@json(decodeBase64(triggerOutputs().headers['X-MS-APIM-Tokens']))['$ConnectionKey']"
                }
              },
              "description": "NOT SUPPORTED API : Call the API to ask to generate yesterday's report.  (API is not supported, may  break at any time)"
            },
            "Filter_SharePoint_Conf": {
              "runAfter": {
                "Download_Report": [
                  "Succeeded"
                ]
              },
              "metadata": {
                "operationMetadataId": "289caa36-ebb9-4a06-8081-e8db4aeb5ac1"
              },
              "type": "Query",
              "inputs": {
                "from": "@variables('SharepointConf')",
                "where": "@equals(item()?['type'], triggerBody()['text_2'])"
              }
            }
          },
          "runAfter": {
            "Initialize_SharepointConf": [
              "Succeeded"
            ]
          },
          "metadata": {
            "operationMetadataId": "1a42b10a-4294-4499-968d-676817dcccf9"
          },
          "type": "Scope"
        },
        "Initialize_Status": {
          "runAfter": {},
          "metadata": {
            "operationMetadataId": "21c13624-f6b9-4d48-80a4-2019425c8ec4"
          },
          "type": "InitializeVariable",
          "inputs": {
            "variables": [
              {
                "name": "Status",
                "type": "string"
              }
            ]
          }
        },
        "Initialize_DefaultReports": {
          "runAfter": {
            "Initialize_Status": [
              "Succeeded"
            ]
          },
          "metadata": {
            "operationMetadataId": "a053018e-f88e-47ff-a939-048434e0141b"
          },
          "type": "InitializeVariable",
          "inputs": {
            "variables": [
              {
                "name": "DefaultReports",
                "type": "array"
              }
            ]
          }
        },
        "Initialize_SharepointConf": {
          "runAfter": {
            "Initialize_DefaultReports": [
              "Succeeded"
            ]
          },
          "metadata": {
            "operationMetadataId": "db078b3d-a7c6-4891-b5d0-fb220b8074a1"
          },
          "type": "InitializeVariable",
          "inputs": {
            "variables": [
              {
                "name": "SharepointConf",
                "type": "array",
                "value": [
                  {
                    "type": "AIByUserAndEnvironment",
                    "fileName": "AIByUserAndEnvironment",
                    "folderPath": "@{parameters('RA-SP_Folder-AIBuilder (nki_RASP_FolderAIBuilder)')}"
                  },
                  {
                    "type": "ApiByLicensedUser",
                    "fileName": "PowerPlatformRequestsLicensedUser",
                    "folderPath": "@{parameters('RA-SP_Folder-LicensedUser (nki_SharePointFolderPath)')}"
                  },
                  {
                    "type": "ApiByNonLicensedUser",
                    "fileName": "PowerPlatformRequestsNonLicensedUser",
                    "folderPath": "@{parameters('RA-SP_Folder-NonLicensedUser (nki_SharePointFolderNLU)')}"
                  },
                  {
                    "type": "ApiByFlow",
                    "fileName": "PowerPlatformRequestsPerFlowLicensedFlows",
                    "folderPath": "@{parameters('RA-SP_Folder-PerFlow (nki_SharePointFolderPF)')}"
                  },
                  {
                    "type": "PowerPagesAnonymous",
                    "fileName": "PowerPagesAnonymous",
                    "folderPath": "@{parameters('RA-SP_Folder-PowerPagesAnonymous (nki_RASP_FolderPowerPagesAnonymous)')}"
                  },
                  {
                    "type": "PowerPagesAuthenticated",
                    "fileName": "PowerPagesAuthenticated",
                    "folderPath": "@{parameters('RA-SP_Folder-PowerPagesAuthenticated (nki_RASP_FolderPowerPagesAuthenticated)')}"
                  }
                ]
              }
            ]
          }
        }
      },
      "outputs": {}
    },
    "templateName": ""
  },
  "schemaVersion": "1.0.0.0"
}