{
  "properties": {
    "connectionReferences": {
      "shared_office365users_1": {
        "runtimeSource": "invoker",
        "connection": {
          "connectionReferenceLogicalName": "nki_sharedoffice365users_6473c"
        },
        "api": {
          "name": "shared_office365users"
        }
      }
    },
    "definition": {
      "$schema": "https://schema.management.azure.com/providers/Microsoft.Logic/schemas/2016-06-01/workflowdefinition.json#",
      "contentVersion": "1.0.0.0",
      "parameters": {
        "$connections": {
          "defaultValue": {},
          "type": "Object"
        },
        "$authentication": {
          "defaultValue": {},
          "type": "SecureObject"
        }
      },
      "triggers": {
        "manual": {
          "metadata": {
            "operationMetadataId": "91a7d86a-e0c9-4df3-9e2e-9dcfd1a87a2f"
          },
          "type": "Request",
          "kind": "PowerAppV2",
          "inputs": {
            "schema": {
              "type": "object",
              "properties": {
                "text": {
                  "title": "userId",
                  "type": "string",
                  "x-ms-dynamically-added": true,
                  "description": "Please enter your input (GUID as string)",
                  "x-ms-content-hint": "TEXT"
                }
              },
              "required": [
                "text"
              ]
            }
          }
        }
      },
      "actions": {
        "Get_user_profile_(V2)": {
          "runAfter": {},
          "metadata": {
            "operationMetadataId": "3c12f954-f634-455b-823b-369344b3b1e2"
          },
          "type": "OpenApiConnection",
          "inputs": {
            "host": {
              "connectionName": "shared_office365users_1",
              "operationId": "UserProfile_V2",
              "apiId": "/providers/Microsoft.PowerApps/apis/shared_office365users"
            },
            "parameters": {
              "id": "@triggerBody()['text']",
              "$select": "assignedLicenses"
            },
            "authentication": "@parameters('$authentication')"
          }
        },
        "Success_Response": {
          "runAfter": {
            "Get_user_profile_(V2)": [
              "Succeeded"
            ]
          },
          "metadata": {
            "operationMetadataId": "bed45c33-e95e-41ce-aa9d-f3720fecad7d"
          },
          "type": "Response",
          "kind": "Http",
          "inputs": {
            "statusCode": 200,
            "body": "@body('Get_user_profile_(V2)')",
            "schema": {
              "type": "object",
              "properties": {
                "@@odata.context": {
                  "type": "string"
                },
                "assignedLicenses": {
                  "type": "array",
                  "items": {
                    "type": "object",
                    "properties": {
                      "disabledPlans": {
                        "type": "array",
                        "items": {
                          "type": "string"
                        }
                      },
                      "skuId": {
                        "type": "string"
                      }
                    },
                    "required": [
                      "disabledPlans",
                      "skuId"
                    ]
                  }
                }
              }
            }
          }
        },
        "Fail_Response": {
          "runAfter": {
            "Get_user_profile_(V2)": [
              "Failed",
              "TimedOut"
            ]
          },
          "metadata": {
            "operationMetadataId": "036bcf29-793e-4bc3-ae74-97cb051fbf9f"
          },
          "type": "Response",
          "kind": "Http",
          "inputs": {
            "statusCode": 500,
            "schema": {
              "type": "object",
              "properties": {
                "@@odata.context": {
                  "type": "string"
                },
                "assignedLicenses": {
                  "type": "array",
                  "items": {
                    "type": "object",
                    "properties": {
                      "disabledPlans": {
                        "type": "array",
                        "items": {
                          "type": "string"
                        }
                      },
                      "skuId": {
                        "type": "string"
                      }
                    },
                    "required": [
                      "disabledPlans",
                      "skuId"
                    ]
                  }
                }
              }
            }
          }
        }
      },
      "outputs": {}
    },
    "templateName": ""
  },
  "schemaVersion": "1.0.0.0"
}