<environmentvariabledefinition schemaname="nki_RASP_FolderPowerPagesAnonymous">
  <description default="The path to the folder hosting the Power Page anonymous files">
    <label description="The path to the folder hosting the Power Page anonymous files" languagecode="1033" />
  </description>
  <displayname default="RA-SP_Folder-PowerPagesAnonymous">
    <label description="RA-SP_Folder-PowerPagesAnonymous" languagecode="1033" />
  </displayname>
  <introducedversion>1.0.0.11</introducedversion>
  <iscustomizable>1</iscustomizable>
  <isrequired>0</isrequired>
  <secretstore>0</secretstore>
  <type>100000000</type>
</environmentvariabledefinition>