<powerbimashupparameter uniquename="new_mashupparameter_f8efd2f1-7f50-4e22-b9a4-f676fab82fdc">
  <environmentvariableid>
    <schemaname>nki_SharePointFolderPath</schemaname>
  </environmentvariableid>
  <iscustomizable>1</iscustomizable>
  <isnotrequired>0</isnotrequired>
  <name>SharePoint Folder Path</name>
  <parametername>SharePoint Folder Path</parametername>
  <parametervaluesource>200000001</parametervaluesource>
  <statecode>0</statecode>
  <statuscode>1</statuscode>
</powerbimashupparameter>