<environmentvariabledefinition schemaname="nki_SharePointFolderPath">
  <description default="The path to the folder hosting the Licensed User files, without the root part of the URL. Typically this, if the URL is https://contosotenant.sharepoint.com/sites/Contoso/Shared%20Documents/LicensedUser, then the patch to define here is /Shared Documents//LicensedUser/">
    <label description="The path to the folder hosting the Licensed User files, without the root part of the URL. Typically this, if the URL is https://contosotenant.sharepoint.com/sites/Contoso/Shared%20Documents/LicensedUser, then the patch to define here is /Shared Documents//LicensedUser/" languagecode="1033" />
  </description>
  <displayname default="RA-SP_Folder-LicensedUser">
    <label description="RA-SP_Folder-LicensedUser" languagecode="1033" />
  </displayname>
  <introducedversion>1.0.0.0</introducedversion>
  <iscustomizable>1</iscustomizable>
  <isrequired>0</isrequired>
  <secretstore>0</secretstore>
  <type>100000000</type>
</environmentvariabledefinition>