<powerbimashupparameter uniquename="new_mashupparameter_1ffdb984-fb91-4be2-ac10-6539c959a795">
  <environmentvariableid>
    <schemaname>nki_SharepointsiteURL</schemaname>
  </environmentvariableid>
  <iscustomizable>1</iscustomizable>
  <isnotrequired>0</isnotrequired>
  <name>Sharepoint Website URL</name>
  <parametername>Sharepoint Website URL</parametername>
  <parametervaluesource>200000001</parametervaluesource>
  <statecode>0</statecode>
  <statuscode>1</statuscode>
</powerbimashupparameter>