<environmentvariabledefinition schemaname="nki_SharepointsiteURL">
  <description default="The URL of the SharePoint site hosting the files. Typically, if the full URL is https://contosotenant.sharepoint.com/sites/Contoso/Shared%20Documents/,  this variable should be https://contosotenant.sharepoint.com/sites/Contoso">
    <label description="The URL of the SharePoint site hosting the files. Typically, if the full URL is https://contosotenant.sharepoint.com/sites/Contoso/Shared%20Documents/,  this variable should be https://contosotenant.sharepoint.com/sites/Contoso" languagecode="1033" />
  </description>
  <displayname default="Sharepoint site URL">
    <label description="Sharepoint site URL" languagecode="1033" />
  </displayname>
  <introducedversion>1.0.0.0</introducedversion>
  <iscustomizable>1</iscustomizable>
  <isrequired>0</isrequired>
  <secretstore>0</secretstore>
  <type>100000000</type>
</environmentvariabledefinition>